target,fov_deg,solved,error_arcsec,scale_arcsec_px,solve_seconds
Vega,0.7,True,17.7,1.575,1.1
Vega,1.0,True,19.0,2.247,1.1
Vega,2.0,True,17.8,4.501,1.0
Vega,4.0,True,15.2,9.005,1.3
Capella,0.7,True,13.7,1.575,1.0
Capella,1.0,True,13.3,2.25,0.9
Capella,2.0,True,13.6,4.5,1.2
Capella,4.0,True,32.2,8.762,1.0
Betelgeuse,0.7,False,,,1.1
Betelgeuse,1.0,True,11.8,2.25,1.6
Betelgeuse,2.0,False,,,1.0
Betelgeuse,4.0,True,9.7,9.005,0.8
Aldebaran,0.7,False,,,1.0
Aldebaran,1.0,True,16.9,2.25,1.0
Aldebaran,2.0,True,17.5,4.501,1.6
Aldebaran,4.0,True,16.2,9.005,1.2
Antares,0.7,True,15.9,1.575,0.5
Antares,1.0,True,16.9,2.25,0.6
Antares,2.0,True,17.2,4.499,0.7
Antares,4.0,True,13.7,9.004,0.7
Spica,0.7,False,,,1.5
Spica,1.0,True,21.8,2.252,1.7
Spica,2.0,True,21.5,4.48,1.4
Spica,4.0,True,21.0,9.006,1.1
Deneb,0.7,True,18.4,1.573,0.9
Deneb,1.0,True,18.5,2.25,1.9
Deneb,2.0,False,,,1.1
Deneb,4.0,True,19.3,9.005,1.0
Altair,0.7,True,9.4,1.575,1.0
Altair,1.0,True,6.5,2.246,2.2
Altair,2.0,True,9.9,4.5,1.4
Altair,4.0,True,11.2,9.004,0.5
Arcturus,0.7,False,,,1.3
Arcturus,1.0,True,28.3,2.272,2.0
Arcturus,2.0,True,23.8,4.509,1.7
Arcturus,4.0,True,20.3,9.008,1.2
M31,0.7,False,,,0.9
M31,1.0,False,,,0.9
M31,2.0,False,,,1.3
M31,4.0,True,21.7,9.015,1.0
M45,0.7,True,161.1,1.651,1.3
M45,1.0,False,,,2.0
M45,2.0,False,,,1.4
M45,4.0,True,17.6,9.004,1.3
M13,0.7,True,31367.4,29.07,2.6
M13,1.0,False,,,1.6
M13,2.0,False,,,1.0
M13,4.0,True,19.5,9.003,1.3
M42,0.7,False,,,0.7
M42,1.0,True,14.8,2.25,0.7
M42,2.0,False,,,0.7
M42,4.0,True,12.7,9.005,1.1
Polaris,0.7,True,24.2,1.57,0.9
Polaris,1.0,True,19.0,2.25,0.8
Polaris,2.0,True,18.8,4.501,0.9
Polaris,4.0,True,18.8,9.003,0.9
